Date,PAYEMS,PMI,MICH,ADS,USREC
1/1/1978,0.21775,57.4,83.7,-0.41108792423755,0
2/1/1978,0.4176,55.9,84.3,1.2705196280877,0
3/1/1978,0.60091,55,78.8,2.6260871725284,0
4/1/1978,0.81808,57.7,81.6,2.3400424470843,0
5/1/1978,0.40192,60.2,82.9,1.3253039539646,0
6/1/1978,0.50848,60.5,80,0.75347075720842,0
7/1/1978,0.2917,62.2,82.4,0.34243912434631,0
8/1/1978,0.31943,60.3,78.4,0.41466365156284,0
9/1/1978,0.15762,60.5,80.4,0.55337572947878,0
10/1/1978,0.3816,60.1,79.3,0.98734550797774,0
11/1/1978,0.49335,61.3,75,0.78314365304891,0
12/1/1978,0.31627,59.4,66.1,0.014435362269639,0
1/1/1979,0.15438,58.5,72.1,-0.22979350960417,0
2/1/1979,0.27774,58.2,73.9,0.32375148975648,0
3/1/1979,0.47498,57.7,68.4,-0.50238597325568,0
4/1/1979,-0.06931,56.2,66,-0.55346394712972,0
5/1/1979,0.41517,54.4,68.1,0.18210236112672,0
6/1/1979,0.35465,52.7,65.8,-0.24569711898757,0
7/1/1979,0.12089,51.3,60.4,-0.5791178549149,0
8/1/1979,0.09196,49.5,64.5,-0.59010355063849,0
9/1/1979,0.0299,49.6,66.7,-0.34450164272318,0
10/1/1979,0.17035,49,62.1,-0.2367249349319,0
11/1/1979,0.10163,48,63.3,-0.34364185928795,0
12/1/1979,0.10924,44.8,61,-0.13619320074994,0
1/1/1980,0.14107,46.2,67,-0.30897078406305,0
2/1/1980,0.09137,50.2,66.9,-0.93842737999226,1
3/1/1980,0.12206,43.6,56.5,-2.2250990222992,1
4/1/1980,-0.15948,37.4,52.7,-3.4511044186911,1
5/1/1980,-0.47333,29.4,51.7,-3.2123034662144,1
6/1/1980,-0.35342,30.3,58.7,-2.1534881463763,1
7/1/1980,-0.2901,35,62.3,-0.81066270827088,1
8/1/1980,0.28788,45.5,67.3,0.58174889032698,0
9/1/1980,0.12645,50.1,73.7,1.3573850809723,0
10/1/1980,0.30658,55.5,75,1.5878153396215,0
11/1/1980,0.28361,58.2,76.7,1.0464017636699,0
12/1/1980,0.21575,53,64.5,0.17767279249166,0
1/1/1981,0.09891,49.2,71.4,-0.40110452637393,0
2/1/1981,0.07906,48.8,66.9,-0.28825231453653,0
3/1/1981,0.11519,49.6,66.5,-0.39756167772738,0
4/1/1981,0.08,51.6,72.4,-0.6404367552848,0
5/1/1981,0.01424,53.5,76.3,-0.23654137139911,0
6/1/1981,0.21227,50.7,73.1,0.18614696618118,0
7/1/1981,0.12125,46.7,74.1,-0.040351217322322,0
8/1/1981,-0.03931,48.3,77.2,-0.81169774821421,1
9/1/1981,-0.09615,42.5,73.1,-1.447851271631,1
10/1/1981,-0.10609,40,70.3,-1.9650216315971,1
11/1/1981,-0.22898,36.1,62.5,-2.3449959567548,1
12/1/1981,-0.30319,37.8,64.3,-2.5174351997928,1
1/1/1982,-0.36372,38.2,71,-1.560438517876,1
2/1/1982,-0.00221,38.3,66.5,-0.77679162237009,1
3/1/1982,-0.14254,36.8,62,-1.4765675372226,1
4/1/1982,-0.31454,37.8,65.5,-1.3626855043868,1
5/1/1982,-0.04771,35.5,67.5,-1.395890304909,1
6/1/1982,-0.26893,38.3,65.7,-1.6730738808868,1
7/1/1982,-0.38353,38.4,65.4,-1.7868899808925,1
8/1/1982,-0.17665,38.3,65.4,-1.6282953287775,1
9/1/1982,-0.20163,38.8,69.3,-1.6738937357569,1
10/1/1982,-0.30996,39.4,73.4,-1.4850087822549,1
11/1/1982,-0.13619,39.2,72.1,-0.91450150508008,1
12/1/1982,-0.0169,42.8,71.9,0.072134975450785,0
1/1/1983,0.2464,46,70.4,0.30522778350034,0
2/1/1983,-0.08207,54.4,74.6,0.059918048222361,0
3/1/1983,0.19437,53.9,80.8,0.82163642349983,0
4/1/1983,0.30708,54.2,89.1,1.1562803913887,0
5/1/1983,0.31284,56.1,93.3,1.3036699723196,0
6/1/1983,0.41967,57.5,92.2,1.453616121684,0
7/1/1983,0.46105,63.6,92.8,0.835492816605,0
8/1/1983,-0.34115,63.1,90.9,1.5996877048336,0
9/1/1983,1.23281,62.5,89.9,2.2336336360325,0
10/1/1983,0.29874,64.4,89.3,1.2148425607588,0
11/1/1983,0.38714,66,91.1,1.2212499797486,0
12/1/1983,0.38565,69.9,94.2,1.5891446268396,0
1/1/1984,0.47917,60.5,100.1,1.6193366216949,0
2/1/1984,0.52091,61.3,97.4,1.0148777746397,0
3/1/1984,0.29155,58.9,101,0.79541570135963,0
4/1/1984,0.38778,61,96.1,0.88393146429708,0
5/1/1984,0.32572,58.6,98.1,0.819535464507,0
6/1/1984,0.40408,58.1,95.5,0.63243887369648,0
7/1/1984,0.32758,56.1,96.6,0.23294285403215,0
8/1/1984,0.25603,53,99.1,0.14142879400368,0
9/1/1984,0.32777,50,100.9,0.017000667194154,0
10/1/1984,0.29847,50.8,96.3,0.19804576537205,0
11/1/1984,0.36846,50.3,95.7,0.25701446281489,0
12/1/1984,0.13015,50.6,92.9,-0.044944123612745,0
1/1/1985,0.27535,50.3,96,-0.073672402663078,0
2/1/1985,0.13584,49.9,93.7,0.19099917728668,0
3/1/1985,0.35067,47.8,93.7,0.077386948959287,0
4/1/1985,0.20219,48.2,94.6,-0.040187055847037,0
5/1/1985,0.28197,47.1,91.8,-0.059789742719988,0
6/1/1985,0.15095,47.8,96.5,-0.31839851991009,0
7/1/1985,0.19374,47.9,94,-0.072539237351084,0
8/1/1985,0.19643,47.7,92.4,0.34371885382855,0
9/1/1985,0.20931,49.9,92.1,0.081671886251944,0
10/1/1985,0.19157,50.9,88.4,-0.069099965645742,0
11/1/1985,0.21355,52,90.9,0.29019871648515,0
12/1/1985,0.16848,50.7,93.9,0.38572435377977,0
1/1/1986,0.12466,51.2,95.6,-0.11165725652949,0
2/1/1986,0.11641,51,95.9,-0.52371120443545,0
3/1/1986,0.08798,51,95.1,-0.30292511712288,0
4/1/1986,0.18884,49.7,96.2,-0.14816369277278,0
5/1/1986,0.12804,53.4,94.8,-0.44053182555916,0
6/1/1986,-0.09375,50.5,99.3,-0.1583642535221,0
7/1/1986,0.3202,48,97.7,0.096583086858223,0
8/1/1986,0.11554,52.6,94.9,0.18680287469673,0
9/1/1986,0.34683,52.4,91.9,0.26739601082472,0
10/1/1986,0.18695,51.2,95.6,0.066300086870104,0
11/1/1986,0.1866,51.2,91.4,0.31580042729194,0
12/1/1986,0.20018,50.5,89.1,0.10226748432883,0
1/1/1987,0.168,54.9,90.4,0.1770219686925,0
2/1/1987,0.23909,52.6,90.2,0.67509798498325,0
3/1/1987,0.24247,55,90.8,0.42985189251533,0
4/1/1987,0.3306,55.5,92.8,0.45924937001046,0
5/1/1987,0.22536,57.2,91.1,0.40923439294938,0
6/1/1987,0.16894,57.4,91.5,0.5231213407362,0
7/1/1987,0.33995,57.5,93.7,0.58455388524356,0
8/1/1987,0.16906,59.3,94.4,0.49540857145315,0
9/1/1987,0.22139,60,93.6,0.91595587312432,0
10/1/1987,0.4772,60.7,89.3,1.0420873770807,0
11/1/1987,0.22662,58.8,83.1,0.66575389520657,0
12/1/1987,0.27918,61,86.8,0.25638823654365,0
1/1/1988,0.08871,57.5,90.8,0.22784177622119,0
2/1/1988,0.44334,56.2,91.6,0.53215255897269,0
3/1/1988,0.26353,54.6,94.6,0.3463453083716,0
4/1/1988,0.23229,55.8,91.2,0.23466535746593,0
5/1/1988,0.21937,55.5,94.8,0.2731778277947,0
6/1/1988,0.34619,59.3,94.7,0.22876696517191,0
7/1/1988,0.21245,58.2,93.4,0.0016560943231716,0
8/1/1988,0.11741,56,97.4,0.065665068297892,0
9/1/1988,0.32028,54.5,97.3,0.28808071844728,0
10/1/1988,0.24778,55.4,94.1,0.44657959741968,0
11/1/1988,0.32035,55.6,93,0.50577531729588,0
12/1/1988,0.26321,56,91.9,0.4878662269962,0
1/1/1989,0.24573,54.7,97.9,0.057210831303231,0
2/1/1989,0.24792,54.1,95.4,-0.21637408813406,0
3/1/1989,0.18042,51.5,94.3,-0.13692361632457,0
4/1/1989,0.15784,52.2,91.5,-0.4423827803503,0
5/1/1989,0.11312,49.3,90.7,-0.64210629322932,0
6/1/1989,0.10558,47.3,90.6,-0.69883243319746,0
7/1/1989,0.03887,45.9,92,-0.35897467616191,0
8/1/1989,0.04718,45.1,89.6,0.054941700656707,0
9/1/1989,0.23003,46,95.8,-0.35211069806512,0
10/1/1989,0.09869,46.8,93.9,-0.19747265343712,0
11/1/1989,0.25411,46.8,90.9,0.013439181005757,0
12/1/1989,0.07721,47.4,90.5,-0.1006457135836,0
1/1/1990,0.33297,47.2,93,0.16532239892628,0
2/1/1990,0.21589,49.1,89.5,0.4485560290968,0
3/1/1990,0.1908,49.9,91.3,-0.057315701857098,0
4/1/1990,0.0383,50,93.9,-0.31138805658293,0
5/1/1990,0.13939,49.5,90.6,-0.2517222750369,0
6/1/1990,0.01548,49.2,88.3,-0.47829808148463,0
7/1/1990,-0.02913,46.6,88.2,-0.73473618167657,0
8/1/1990,-0.18957,46.1,76.4,-0.92031667536155,1
9/1/1990,-0.08944,44.5,72.8,-1.3984465176394,1
10/1/1990,-0.13797,43.2,63.9,-1.8875203238375,1
11/1/1990,-0.13999,41.3,66,-1.7892824940015,1
12/1/1990,-0.04396,40.8,65.5,-1.5317677561322,1
1/1/1991,-0.10173,39.2,66.8,-1.7330238457155,1
2/1/1991,-0.29478,39.4,70.4,-1.5834478279582,1
3/1/1991,-0.14726,40.7,87.7,-0.90152126510882,1
4/1/1991,-0.1936,42.8,81.8,-0.21494945874807,0
5/1/1991,-0.10618,44.5,78.3,0.22020667538885,0
6/1/1991,0.07849,50.3,82.1,0.064194055695457,0
7/1/1991,-0.03878,50.6,82.9,-0.33883712908439,0
8/1/1991,0.01662,52.9,82,-0.18479263935752,0
9/1/1991,0.024,54.9,83,-0.23093123880425,0
10/1/1991,0.01938,53.1,78.3,-0.66770523131645,0
11/1/1991,-0.05631,49.5,69.1,-0.79360525980196,0
12/1/1991,0.02954,46.8,68.2,-0.59846646254324,0
1/1/1992,0.03784,47.3,67.5,-0.22599701436751,0
2/1/1992,-0.05354,52.7,68.8,0.19165324781425,0
3/1/1992,0.04984,54.6,76,0.44807255500762,0
4/1/1992,0.14201,52.6,77.2,0.29763078859023,0
5/1/1992,0.11972,55.7,79.2,0.023378048042896,0
6/1/1992,0.06073,53.6,80.4,0.10904673053278,0
7/1/1992,0.07172,53.9,76.6,0.018992383958489,0
8/1/1992,0.12126,53.4,76.1,-0.35425427347663,0
9/1/1992,0.03121,49.7,75.6,0.018245642843887,0
10/1/1992,0.16506,50.3,73.3,0.26873107173813,0
11/1/1992,0.12179,53.6,85.3,0.58033119133216,0
12/1/1992,0.20387,54.2,91,0.35767696201999,0
1/1/1993,0.2727,55.8,89.3,-0.13109619326704,0
2/1/1993,0.22744,55.2,86.6,-0.39823490304274,0
3/1/1993,-0.04545,53.5,85.9,-0.2826570848115,0
4/1/1993,0.27418,50.2,85.6,0.051362562675268,0
5/1/1993,0.24631,51.2,80.3,-0.16178506088163,0
6/1/1993,0.16357,49.6,81.5,-0.041577702948472,0
7/1/1993,0.27592,50.2,77,-0.041046744119708,0
8/1/1993,0.13588,50.7,77.3,-0.008909046642219,0
9/1/1993,0.21738,50.8,77.9,0.30786964185925,0
10/1/1993,0.2554,53.4,82.7,0.51212475917995,0
11/1/1993,0.22439,53.8,81.2,0.80667621828958,0
12/1/1993,0.29425,55.6,88.2,0.54101216720091,0
1/1/1994,0.24988,56,94.3,0.051833618264502,0
2/1/1994,0.16506,56.5,93.2,0.55012350591505,0
3/1/1994,0.40792,56.9,91.5,0.90256595789035,0
4/1/1994,0.30331,57.4,92.6,0.64927702256522,0
5/1/1994,0.2945,58.2,92.8,0.59285606574143,0
6/1/1994,0.27788,58.8,91.2,0.41597999759133,0
7/1/1994,0.32511,58.5,89,0.39963597274277,0
8/1/1994,0.24923,58,91.7,0.49687784634199,0
9/1/1994,0.30503,59,91.5,0.52417737004107,0
10/1/1994,0.18292,59.4,92.7,0.72866043298146,0
11/1/1994,0.35534,59.2,91.6,0.80347288108129,0
12/1/1994,0.25514,56.1,95.1,0.54896363383646,0
1/1/1995,0.28883,57.4,97.6,-0.0074227996091226,0
2/1/1995,0.1681,55.1,95.1,-0.28681508400574,0
3/1/1995,0.17979,52.1,90.3,-0.346541374515,0
4/1/1995,0.13848,51.5,92.5,-0.41388098319697,0
5/1/1995,-0.01709,46.7,89.8,-0.092118192894033,0
6/1/1995,0.20227,45.9,92.7,-0.13392153553154,0
7/1/1995,0.08011,50.7,94.4,0.13127971960624,0
8/1/1995,0.21616,47.1,96.2,0.53843119306275,0
9/1/1995,0.20466,48.1,88.9,0.10399305615872,0
10/1/1995,0.13226,46.7,90.2,-0.091357598978627,0
11/1/1995,0.12193,45.9,88.2,0.013172670228545,0
12/1/1995,0.12262,46.2,91,-0.3479720454543,0
1/1/1996,-0.00338,45.5,89.3,0.077179053695871,0
2/1/1996,0.35688,45.9,88.5,0.61251025164944,0
3/1/1996,0.21369,46.9,93.7,0.42945895733824,0
4/1/1996,0.13857,49.3,92.7,0.74632411705707,0
5/1/1996,0.27489,49.1,89.4,0.78904678821815,0
6/1/1996,0.23657,53.6,92.4,0.41425009191212,0
7/1/1996,0.20518,49.7,94.7,0.1763535657708,0
8/1/1996,0.1532,51.6,95.3,0.32840729538457,0
9/1/1996,0.17539,51.1,94.7,0.30195303489904,0
10/1/1996,0.21155,50.5,96.5,0.38071170349451,0
11/1/1996,0.24501,53,99.2,0.62822335127887,0
12/1/1996,0.15035,55.2,96.9,1.8720597456749,0
1/1/1997,0.18144,53.8,97.4,2.5705649609027,0
2/1/1997,0.25675,53.1,99.7,1.318026850018,0
3/1/1997,0.25855,53.8,100,0.46206222530379,0
4/1/1997,0.24235,53.7,101.4,0.38724351134761,0
5/1/1997,0.21239,56.1,103.2,0.56855109872906,0
6/1/1997,0.21845,54.9,104.5,0.70426705664736,0
7/1/1997,0.24154,57.7,107.1,0.59499513477791,0
8/1/1997,-0.01462,56.3,104.4,0.7952043781281,0
9/1/1997,0.3989,53.9,106,0.95554411707316,0
10/1/1997,0.27796,56.4,105.6,0.7714578070061,0
11/1/1997,0.24661,55.7,107.2,0.61737340032715,0
12/1/1997,0.25243,54.5,102.1,0.4081592612084,0
1/1/1998,0.21094,53.8,106.6,0.39930299351597,0
2/1/1998,0.16331,52.9,110.4,0.24289302448638,0
3/1/1998,0.11831,52.9,106.5,0.2260601764965,0
4/1/1998,0.22186,52.2,108.7,0.43675951786898,0
5/1/1998,0.31995,50.9,106.5,0.1040144050072,0
6/1/1998,0.18419,48.9,105.6,-0.36187379863613,0
7/1/1998,0.10227,49.2,105.2,0.38060169220458,0
8/1/1998,0.26825,49.3,104.4,0.82600391142208,0
9/1/1998,0.16423,48.7,100.9,0.45210532036135,0
10/1/1998,0.15924,48.7,97.4,0.44362281792314,0
11/1/1998,0.21795,48.2,102.7,0.39950841850113,0
12/1/1998,0.28647,46.8,100.5,0.28136378919026,0
1/1/1999,0.08304,50.6,103.9,0.41969670971779,0
2/1/1999,0.32679,51.7,108.1,0.347507833061,0
3/1/1999,0.08348,52.4,105.7,0.045730591343218,0
4/1/1999,0.28814,52.3,104.6,0.2767145369417,0
5/1/1999,0.16394,54.3,106.8,0.25246059086091,0
6/1/1999,0.21792,55.8,107.3,0.23440578204175,0
7/1/1999,0.25145,53.6,106,0.36266593817608,0
8/1/1999,0.1197,54.8,104.5,0.12117415720002,0
9/1/1999,0.15655,57,107.2,0.44338048206384,0
10/1/1999,0.3116,57.2,103.2,0.95580941846887,0
11/1/1999,0.22176,58.1,107.2,0.80493170040218,0
12/1/1999,0.23427,57.8,105.4,0.50484178970576,0
1/1/2000,0.17801,56.7,112,0.010889513094453,0
2/1/2000,0.09079,55.8,111.3,0.15263293564597,0
3/1/2000,0.35932,54.9,107.1,0.60893128883696,0
4/1/2000,0.22165,54.7,109.2,0.4212521267919,0
5/1/2000,0.1644,53.2,110.7,-0.012622560644678,0
6/1/2000,-0.03331,51.4,106.4,-0.25875461959041,0
7/1/2000,0.13243,52.5,108.3,-0.4993958659354,0
8/1/2000,-0.00454,49.9,107.3,-0.39037196783614,0
9/1/2000,0.09298,49.7,106.8,-0.37469671482752,0
10/1/2000,-0.00151,48.7,105.8,-0.56541551472448,0
11/1/2000,0.15477,48.5,107.6,-0.45195702366015,0
12/1/2000,0.11536,43.9,98.4,-0.72260252637581,0
1/1/2001,-0.00829,42.3,94.7,-1.0598451306664,0
2/1/2001,0.06855,42.1,90.6,-1.0769034315597,0
3/1/2001,-0.03163,43.1,91.5,-1.2091689639014,0
4/1/2001,-0.21417,42.7,88.4,-1.1586468529446,1
5/1/2001,-0.04002,41.3,92,-1.1460649035943,1
6/1/2001,-0.08387,43.2,92.6,-1.2758955377471,1
7/1/2001,-0.09226,43.5,92.4,-1.1144691996746,1
8/1/2001,-0.11279,46.3,91.5,-1.2584378045846,1
9/1/2001,-0.19485,46.2,81.8,-1.3926761549577,1
10/1/2001,-0.24086,40.8,82.7,-1.1098537604874,1
11/1/2001,-0.23763,44.1,83.9,-0.94170275501635,1
12/1/2001,-0.12208,45.3,88.8,-0.54231903876842,0
1/1/2002,-0.0993,47.5,93,-0.38445916736401,0
2/1/2002,-0.08869,50.7,90.7,-0.31897237755654,0
3/1/2002,-0.01453,52.4,95.7,-0.18562118393684,0
4/1/2002,-0.07194,52.4,93,-0.08705141399669,0
5/1/2002,0.00842,53.1,96.9,0.056159886184925,0
6/1/2002,0.03827,53.6,92.4,-0.24337727816529,0
7/1/2002,-0.07196,50.2,88.1,-0.60967261436866,0
8/1/2002,-0.0023,50.3,87.6,-0.6046972855724,0
9/1/2002,-0.06588,50.5,86.1,-0.64042625810857,0
10/1/2002,0.09727,49,80.6,-0.44628670473179,0
11/1/2002,-0.00995,48.5,84.2,-0.60331340227873,0
12/1/2002,-0.10954,51.6,86.7,-0.50360329031708,0
1/1/2003,0.08274,51.3,82.4,-0.4387115984109,0
2/1/2003,-0.1042,48.8,79.9,-0.80916045651225,0
3/1/2003,-0.16265,46.3,77.6,-0.8567338117892,0
4/1/2003,-0.04224,46.1,86,-0.56681603871873,0
5/1/2003,0.01459,49,92.1,-0.18973592442506,0
6/1/2003,-0.00154,49,89.7,-0.027057185651053,0
7/1/2003,-0.0023,51,90.9,-0.085201704050955,0
8/1/2003,-0.03227,53.2,89.3,-0.043546873532137,0
9/1/2003,0.08064,52.4,87.7,0.2157080761152,0
10/1/2003,0.15343,55.2,89.6,0.23135359329287,0
11/1/2003,0.01533,58.4,93.7,0.043748194421026,0
12/1/2003,0.08734,60.1,92.6,-0.22671762591702,0
1/1/2004,0.13851,60.8,103.8,-0.16263436850228,0
2/1/2004,0.04281,59.9,94.4,0.068973681005985,0
3/1/2004,0.24202,60.6,95.8,0.10792651883221,0
4/1/2004,0.20491,60.6,94.2,0.25383884165491,0
5/1/2004,0.21512,61.4,90.2,-0.085198762771243,0
6/1/2004,0.07515,60.5,95.6,-0.30140908842895,0
7/1/2004,0.04172,59.9,96.7,0.017606033741308,0
8/1/2004,0.06748,58.5,95.9,0.026198197148727,0
9/1/2004,0.11817,57.4,94.2,0.26394969169895,0
10/1/2004,0.26763,56.3,91.7,0.27973469916699,0
11/1/2004,0.04227,56.2,92.8,0.41395249123951,0
12/1/2004,0.09128,57.2,97.1,0.38995202128133,0
1/1/2005,0.11304,56.8,95.5,0.050741983796031,0
2/1/2005,0.19413,55.5,94.1,-0.028464413826394,0
3/1/2005,0.09317,55.2,92.6,-0.015565211623127,0
4/1/2005,0.27149,52.2,87.7,0.057171166108379,0
5/1/2005,0.12874,50.8,86.9,0.030795479512558,0
6/1/2005,0.18832,52.4,96,0.071401519024541,0
7/1/2005,0.26394,52.8,96.5,-0.11425695159483,0
8/1/2005,0.1503,52.4,89.1,-0.83552906264037,0
9/1/2005,0.05055,56.8,76.9,-0.60616554006515,0
10/1/2005,0.06612,57.2,74.2,0.58200020970515,0
11/1/2005,0.2507,56.7,81.6,0.73543961668211,0
12/1/2005,0.11549,55.1,91.5,0.47395557212246,0
1/1/2006,0.20696,55,91.2,0.33932021629613,0
2/1/2006,0.22717,55.8,86.7,0.1833461549151,0
3/1/2006,0.22812,54.3,88.9,-0.035913583889849,0
4/1/2006,0.11607,55.2,87.4,-0.37030027656346,0
5/1/2006,0.02863,53.7,79.1,-0.32733907623254,0
6/1/2006,0.05943,52,84.9,-0.34167080465349,0
7/1/2006,0.14294,53,84.7,-0.27954058890298,0
8/1/2006,0.12737,53.7,82,-0.25253209728395,0
9/1/2006,0.10894,52.2,85.4,-0.33719441365829,0
10/1/2006,0.00658,51.4,93.6,-0.22771969219129,0
11/1/2006,0.15406,50.3,92.1,0.20937571685657,0
12/1/2006,0.13561,51.4,91.7,0.10116810436242,0
1/1/2007,0.16598,49.5,96.9,-0.14047912971616,0
2/1/2007,0.0589,51.9,91.3,0.12426169095935,0
3/1/2007,0.17069,50.7,88.4,0.038318759838895,0
4/1/2007,0.03555,52.6,87.1,-0.046416789857277,0
5/1/2007,0.10949,52.5,88.3,-0.30989975197128,0
6/1/2007,0.05506,52.6,85.3,-0.54658724882348,0
7/1/2007,-0.02246,52.4,90.4,-0.47443198164973,0
8/1/2007,-0.01666,50.9,83.4,-0.20409526823187,0
9/1/2007,0.05795,51,83.4,-0.32564956298301,0
10/1/2007,0.05719,51.1,80.9,-0.36706670067699,0
11/1/2007,0.07958,50.5,76.1,-0.30368388035108,0
12/1/2007,0.07807,49,75.5,-0.57184482389784,0
1/1/2008,0.00795,50.3,78.4,-0.99557358368802,1
2/1/2008,-0.0571,47.6,70.8,-1.2195622858641,1
3/1/2008,-0.03543,48.3,69.5,-1.2728176979354,1
4/1/2008,-0.17372,48.8,62.6,-1.355841682387,1
5/1/2008,-0.12831,48.8,59.8,-1.3027855971411,1
6/1/2008,-0.12412,49.8,56.4,-1.4129987556263,1
7/1/2008,-0.14245,50,61.2,-1.9497205506494,1
8/1/2008,-0.2024,49.2,63,-3.1637083905328,1
9/1/2008,-0.33581,44.8,70.3,-3.1498950086603,1
10/1/2008,-0.35235,38.9,57.6,-2.5529570351925,1
11/1/2008,-0.53492,36.5,55.3,-3.5810631684813,1
12/1/2008,-0.52222,33.1,60.1,-4.1866563575344,1
1/1/2009,-0.58313,34.9,61.2,-3.8789641397251,1
2/1/2009,-0.55579,35.5,56.3,-3.2690104343015,1
3/1/2009,-0.6019,36,57.3,-2.8124090800741,1
4/1/2009,-0.52586,39.5,65.1,-2.1227402273348,1
5/1/2009,-0.25979,41.7,68.7,-1.6667270792036,1
6/1/2009,-0.35583,45.8,70.8,-1.0095362832425,1
7/1/2009,-0.25986,49.9,66,-0.25741513278011,0
8/1/2009,-0.14015,53.5,65.7,-0.18549942424487,0
9/1/2009,-0.18487,54.4,73.5,-0.29290661905155,0
10/1/2009,-0.15291,56,70.6,-0.15093669988024,0
11/1/2009,0.00923,54.4,67.4,-0.16829971850258,0
12/1/2009,-0.20705,55.3,72.5,-0.16949829689263,0
1/1/2010,0.00154,57.2,74.4,-0.077063414974682,0
2/1/2010,-0.07091,55.8,73.6,0.08066455044681,0
3/1/2010,0.13946,58.8,73.6,0.46811465838349,0
4/1/2010,0.1777,58.1,72.2,0.82860781952214,0
5/1/2010,0.41417,58.3,73.6,0.50226566346977,0
6/1/2010,-0.10645,56.4,76,-0.14083244287091,0
7/1/2010,-0.06438,56.4,67.8,-0.1797682946908,0
8/1/2010,-0.00383,58,68.9,-0.25195537599555,0
9/1/2010,-0.04985,56.3,68.2,-0.27975751434023,0
10/1/2010,0.20538,57.7,67.7,-0.20040834131139,0
11/1/2010,0.09565,57.6,71.6,-0.024577443274234,0
12/1/2010,0.05505,57.5,74.5,0.051244263442634,0
1/1/2011,0.01452,59,74.2,-0.30380983966651,0
2/1/2011,0.1619,59.3,77.5,-0.27327488031156,0
3/1/2011,0.17916,59.1,67.5,-0.095196272941566,0
4/1/2011,0.23888,58.9,69.8,-0.3638528156076,0
5/1/2011,0.07672,53.7,74.3,-0.13336545050732,0
6/1/2011,0.17903,56.6,71.5,0.087243809450527,0
7/1/2011,0.04547,52.9,63.7,-0.0089163502175158,0
8/1/2011,0.09541,53,55.8,-0.15801639157664,0
9/1/2011,0.17619,52.8,59.5,-0.02190844632212,0
10/1/2011,0.15401,51.8,60.8,0.082372440396449,0
11/1/2011,0.09953,52.1,63.7,0.1430164478462,0
12/1/2011,0.15211,53.1,69.9,0.54945998399453,0
1/1/2012,0.26602,52.8,75,0.48943068711081,0
2/1/2012,0.19643,52.4,75.3,-0.0034515329291393,0
3/1/2012,0.1796,53,76.2,-0.18062590593997,0
4/1/2012,0.06129,53.7,76.4,-0.072316160965102,0
5/1/2012,0.07469,53.2,79.3,-0.30959287122816,0
6/1/2012,0.05449,51,73.2,-0.41857739826745,0
7/1/2012,0.11336,50.6,72.3,-0.53051177978647,0
8/1/2012,0.12812,51.1,74.3,-0.50883625667099,0
9/1/2012,0.13911,52.2,78.3,-0.20267486154388,0
10/1/2012,0.11813,51.2,82.6,0.095559082233706,0
11/1/2012,0.11577,49.5,82.7,0.51429804988398,0
12/1/2012,0.1771,50.4,72.9,-0.23288039534401,0
1/1/2013,0.14131,52.3,73.8,-0.63535774268752,0
2/1/2013,0.20531,53.1,77.6,-0.14020846459593,0
3/1/2013,0.1025,51.5,78.6,-0.17747934528501,0
4/1/2013,0.14067,50,76.4,-0.1646520899565,0
5/1/2013,0.16326,50,84.5,-0.15600547609538,0
6/1/2013,0.13291,52.5,84.1,-0.40526631312293,0
7/1/2013,0.08215,54.9,85.1,-0.19579670515922,0
8/1/2013,0.17728,56.3,82.1,0.22728714868973,0
9/1/2013,0.13677,56,77.5,0.0074925623575546,0
10/1/2013,0.16432,56.6,73.2,0.056076375896416,0
11/1/2013,0.19246,57,75.1,-0.00064809081659354,0
12/1/2013,0.05024,56.5,82.5,-0.33806327522363,0
1/1/2014,0.12731,51.3,81.2,-0.2180784475841,0
2/1/2014,0.12061,54.3,81.6,0.34632159635436,0
3/1/2014,0.18427,54.4,80,0.41543703004326,0
4/1/2014,0.23528,55.3,84.1,0.25583836176228,0
5/1/2014,0.15751,55.6,81.9,0.26253280114808,0
6/1/2014,0.23508,55.7,82.5,0.28799168787526,0
7/1/2014,0.16696,56.4,81.8,0.10248521503002,0
8/1/2014,0.13509,58.1,82.5,0.1008505716937,0
9/1/2014,0.22165,56.1,84.6,0.12971624542492,0
10/1/2014,0.1804,57.9,86.9,0.18690533657909,0
11/1/2014,0.20791,57.6,88.8,0.21880504513915,0
12/1/2014,0.1911,55.1,93.6,-0.15227815011881,0
1/1/2015,0.13597,53.5,98.1,-0.4386354104504,0
2/1/2015,0.1926,52.9,95.4,-0.56337522336835,0
3/1/2015,0.0504,51.5,93,-0.46445199106307,0
4/1/2015,0.20134,51.5,95.9,-0.34764444246935,0
5/1/2015,0.23415,52.8,90.7,-0.42101551077259,0
6/1/2015,0.12287,53.5,96.1,-0.20046412624776,0
7/1/2015,0.2129,52.7,93.1,-0.12252481774712,0
8/1/2015,0.08799,51.1,91.9,-0.39074254243588,0
9/1/2015,0.109,50.2,87.2,-0.44930016494688,0
10/1/2015,0.21484,49.4,90,-0.65770588059432,0
11/1/2015,0.16608,48.4,91.3,-0.75842087560033,0
12/1/2015,0.19096,48,92.6,-0.39119248384931,0
1/1/2016,0.051,48.2,92,-0.25408750514949,0
2/1/2016,0.18353,49.7,91.7,-0.56525435318295,0
3/1/2016,0.15953,51.7,91,-0.58839221618742,0
4/1/2016,0.13008,50.7,89,-0.53908975604669,0
5/1/2016,0.02919,51,94.7,-0.23073473255365,0
6/1/2016,0.18539,52.8,93.5,0.13330289181791,0
7/1/2016,0.24526,52.3,90,-0.055412439040397,0
8/1/2016,0.09337,49.4,89.8,-0.16445467006565,0
9/1/2016,0.1858,51.7,91.2,-0.17472430539899,0
10/1/2016,0.10001,52,87.2,-0.23517935861388,0
11/1/2016,0.10404,53.5,93.8,0.018703873285214,0
12/1/2016,0.15826,54.5,98.2,0.23123871038761,0
1/1/2017,0.12712,56,98.5,-0.14466781373432,0
2/1/2017,0.12901,57.6,96.3,-0.17384220494133,0
3/1/2017,0.08843,56.6,96.9,0.20137729080919,0
4/1/2017,0.13489,55.3,97,0.1550774514199,0
5/1/2017,0.10601,55.5,97.1,-0.047559668245041,0
6/1/2017,0.14754,56.7,95,-0.10980009596446,0
7/1/2017,0.14664,56.5,93.4,-0.25160793679469,0
8/1/2017,0.12532,59.3,96.8,-0.34589209865317,0
9/1/2017,0.01225,60.2,95.1,0.29180754329979,0
10/1/2017,0.18156,58.5,100.7,0.68216511094659,0
11/1/2017,0.15274,58.2,98.5,0.37961430258312,0
12/1/2017,0.08814,59.3,95.9,-0.06864346908179,0
1/1/2018,0.08197,59.1,95.7,-0.0971572157901,0
2/1/2018,0.27456,60.7,99.7,0.11780705692223,0
3/1/2018,0.11879,59.3,101.4,0.22742686187972,0
4/1/2018,0.09237,57.9,98.8,0.024512684100431,0
5/1/2018,0.18717,58.7,98,-0.057694780325418,0
6/1/2018,0.1472,60,98.2,0.20572225599682,0
7/1/2018,0.0913,58.4,97.9,0.32172573456806,0
8/1/2018,0.1636,60.8,96.2,0.1908923691464,0
9/1/2018,0.05358,59.5,100.1,-0.10102533299963,0
10/1/2018,0.13449,57.5,98.6,-0.028003855022698,0
11/1/2018,0.08956,58.8,97.5,0.036163300042268,0
12/1/2018,0.12152,54.3,98.3,-0.070902950051211,0
1/1/2019,0.17933,56.6,91.2,-0.38123338309102,0
2/1/2019,0.00067,54.1,93.8,-0.45254881553336,0
3/1/2019,0.09786,54.6,98.4,-0.44882904669053,0
4/1/2019,0.13964,53.4,97.2,-0.55807568253767,0
5/1/2019,0.05647,52.3,100,-0.2817085747452,0
6/1/2019,0.1208,51.6,98.2,-0.20127073224284,0
7/1/2019,0.1286,51.3,98.4,-0.067297590380197,0
8/1/2019,0.13703,48.8,89.8,-0.064253802146992,0
9/1/2019,0.13751,48.2,93.2,-0.59133257857762,0
10/1/2019,0.12214,48.5,95.5,-0.13211627876644,0
11/1/2019,0.17207,48.1,96.8,-0.000184505648547161,0
12/1/2019,0.12113,47.8,99.3,-0.172599681353638,0
1/1/2020,0.14069,50.9,99.8,-0.921686946597972,0
2/1/2020,0.16477,50.1,101,-7.66397081441759,0
3/1/2020,-0.90463,49.1,89.1,-26.7389028523678,1
4/1/2020,-14.80132,41.5,71.8,-15.4066756084376,1
5/1/2020,2.06971,43.1,72.3,6.75327301110678,1
6/1/2020,3.5309,52.6,78.1,7.46352680177057,1
7/1/2020,1.26976,54.2,72.5,4.41642799152236,1
8/1/2020,1.0612,56,74.1,2.40016681952985,1
9/1/2020,0.4675,55.4,,1.41800599559456,1
,,,,1.37012694753556,
